nom-entr;nom-resp;prenom-resp;email-resp;nom-etd;prenom-etd;titre;annee-univ;debut;fin;surnom
ACBUS;De Ligt;Barthelemy;barthelemy@acbus.com;Amyot;Jacques;Realisation et mise en production d'un programme de sauvegarde automatique des postes clients confie au service reparation de l'entreprise.;2010-2011;04/04/2011;10/06/2011;MBa
ACOSS;Regnier;Adolphe;adolphe@acoss.com;Carducci;Giosue;Creation d'un logiciel de gestion de magasin.L'ergonomie et les normes seront calquees sur AB-DepªtVente seront une priorite.;2010-2011;04/04/2011;10/06/2011;MBi
ACTIF;Darboux;Gaston;gaston@actif.com;Carlyle;Thomas;Etude pour la mise en oeuvre d'une CMDB (Configuration Management DataBase) de la norme ITIL;2010-2011;04/04/2011;10/06/2011;RB
ADAPT;Darboy;Georges;georges@adapt.com;Carmille;Robert;Programmation d'un jeu iphone/android sous Cocos2D-X en C++;2010-2011;04/04/2011;10/06/2011;BC
ADELI;Nelson Darby;John;john@adeli.com;Carmouche;Pierre;Accomplir toutes les t‚ches permettant la rÈalisation technique d'un site internet.;2010-2011;04/04/2011;10/06/2011;AC
ADEME;Darcy;Eugene;eugene@ademe.com;Carnegie;Andrew;Realisation d'un logiciel open source (oriente web);2010-2011;04/04/2011;10/06/2011;LC
ADEMN;Darien;Georges;georges@ademn.com;de Castellane;Pierre;Creation et gestion dynamique d'un site Internet;2010-2011;04/04/2011;10/06/2011;SD
ADESM;Darko;Jeno;jeno@adesm.com;de Castelnau;Michel;Production d'un site Internet d'entreprise, allant de l'analyse ‡ la mise en ligne.;2010-2011;04/04/2011;10/06/2011;ID
ADRET;Darmesteter;Arsene;arsene@adret.com;Cavaignac;Eugene;Developpements sur extranet et intranet professionnels;2010-2011;04/04/2011;10/06/2011;PF
ADRIC;Darmesteter;James;james@adric.com;de Cazales;Edmond;A definir;2010-2011;04/04/2011;10/06/2011;SFo
AEMTC;Daubenton;Pierre;pierre@aemtc.com;Chabot;Adrien;Mise en oeuvre et realisation d'outils de gestion collaborative en environnement client/serveur;2010-2011;04/04/2011;10/06/2011;OGa
AERAS;Daudet;Ernest;ernest@aeras.com;Abbadie;Jacques;Prise en main des techniques recentes de programmation des applications internet. Confrontation ‡ la gestion de projet industrielle. Integre ‡ une equipe R/D, etude et developpements (Ajax, Php5 objet, XML) sous environnement professionnel de plusieurs composants logiciels mobilisant des techniques differentes et nourris par les donnees et autres composants d'une plateforme.;2010-2011;04/04/2011;10/06/2011;RG
AERES;Daufresne de La Chevalerie;Auguste;auguste@aeres.com;Adam;Charles;Mise en pratique des connaissances acquises au cours de la formation.Element indispensable ö l'obtention du diplªme;2010-2011;04/04/2011;10/06/2011;OGu
AFDOC;Dauphin;Fernand;fernand@afdoc.com;Aignan;etienne;Conception et realisation de sites Internet;2010-2011;04/04/2011;10/06/2011;MH
AFSEA;De Coster;Charles;charles@afsea.com;Allingham;William;Developpement d'un logiciel d'annotation de defauts sur les documents anciens.;2010-2011;04/04/2011;10/06/2011;JPJ
AFSSA;Alphonse Delangle;Claude;claude@afssa.com;Appia;Adolphe;Ce stage s'inscrit dans le cadre de la realisation (actuellement en cours) d'une interface graphique pour un logiciel de calcul numerique (Aquilon);2010-2011;04/04/2011;10/06/2011;CJ
AFSSE;Declaustre;Andre;andre@afsse.com;Arago;etienne;Adaptation d'un logiciel de communication entre une machine outils et un PC sous Visual studio C++.Evolution d'un serveur web;2010-2011;04/04/2011;10/06/2011;NJ
AFTOC;Decombe;Lucien;lucien@aftoc.com;Arago;Jacques;AmÈlioration et gestion d'une plateforme de traitement d'images;2010-2011;04/04/2011;10/06/2011;OL
AGEPS;Decourcelle;Pierre;pierre@ageps.com;Bacon;Francis;L'objectif de ce projet est de creer un environnement 3D dans lequel agit l'utilisateur pour simuler la manipulation d'engin de chantier.;2010-2011;04/04/2011;10/06/2011;SMa
AGGIR;Dede;Emmanuel;emmanuel@aggir.com;Messi;Lionel;Etude de besoins d'un module de SGSE : Système de Gestion des Services d'Enseignement;2010-2011;04/04/2011;10/06/2011;BM
ANVAR;Denisot;Nicolas;nicolas@anvar.com;Capendu;Ernest;DÈveloppement d'une interface de contrÙle de robot sur tablette tactile;2010-2011;04/04/2011;10/06/2011;SMi
APAJH;de Courcillon de Dangeau;Philippe;philippe@apajh.com;Capus;Alfred;Creer un module de gestion des retours client par scannage de codes ö barre au sein d'un progiciel de gestion.;2010-2011;04/04/2011;10/06/2011;AP
APAVE;Jacques Danton;Georges;georges@apave.com;Carlier;emilie;Optimisation du site internet de l'entreprise en vue d'une meilleure gestion du domaine d'activite.;2010-2011;04/04/2011;10/06/2011;PR
AP-HM;Dareste;Rodolphe;rodolphe@ap-hm.com;Carre;Albert;Developpement PHP/MySQL d'un jeu en ligne base sur des quiz.;2010-2011;04/04/2011;10/06/2011;KR
APPRI;Dareste;Pierre;pierre@appri.com;Carriere;Eugene;Contribuer ‡ la crÈation et ‡ l'Èvolution de fonctionnalitÈs mÈtier de l'intranet de l'entreprise.;2010-2011;04/04/2011;10/06/2011;FR
APSAD;Dargent;Yan;yan@apsad.com;Cartier;Ernest;Integration dans une equipe de developpeurs en charge d'un projet de gestion.;2010-2011;04/04/2011;10/06/2011;ES
ARFIE;Darrieulat;Louis;louis@arfie.com;Cazaux;Joseph;Informatisation de donnÈes internes - Analyse des activitÈs existantes - Propositions d'informatisation;2010-2011;04/04/2011;10/06/2011;CU
ARLIN;Auguste Daubree;Gabriel;gabriel@arlin.com;Chailley-Bert;Joseph;Developpement d'une applicaion CMS Magento (opensource) avec modules specifiques pour       e-commerce dematerialise.;2010-2011;04/04/2011;10/06/2011;EW
ARRCO;Daudet;Alphonse;alphonse@arrco.com;Chaillot;Amedee;Creation de sites et referencement;2010-2011;04/04/2011;10/06/2011;MBa
ARRES;Daudet;Julia;julia@arres.com;Abeille;Gaspard;Design et integration Web, developpement et referencement.;2010-2011;04/04/2011;10/06/2011;MBi
ASEES;Daudet;Leon;leon@asees.com;Adam;Adolphe;DÈveloppement web. Le stagiaire participera au dÈveloppement du produit principal de la sociÈtÈ.;2010-2011;04/04/2011;10/06/2011;RB
ASMAD;Daumas;Eugene;eugene@asmad.com;Aderer;Adolphe;Conception d'un espace extranet dedie aux clients et partenaires de l'entreprise et creation d'outils de gestion d'une base de donnees sous ACCESS.;2010-2011;04/04/2011;10/06/2011;BC
ASPCC;Dauphin;Leopold;leopold@aspcc.com;Aimard;Gustave;Developpement et programmationScripts et Bases de Donnees;2010-2011;04/04/2011;10/06/2011;AC
ASSAD;Davesies de Pontes;Lucien;lucien@assad.com;Albalat;Antoine;Participation au dÈveloppement web d'une bibliothËque numÈrique de 3Ë gÈnÈration;2010-2011;04/04/2011;10/06/2011;LC
AT-MP;Pierre Deforis;Jean;jean@at-mp.com;Albert;Maurice;Developpements et adaptations sur un extranet pour la gestion qualitee des AOC fromagères;2010-2011;04/04/2010;10/06/2011;SD
BAPSA;Harding Davis;Richard;richard@bapsa.com;Alhoy;Maurice;Developpement en VB.net d'une application Extranetsous SQL Server;2010-2011;04/04/2011;10/06/2011;ID
INCA;De Coussemaker;Edmond;edmond@inca.com;Allut;Antoine;Le projet pedagogique portera sur le developpement et l'adaptation sur un extranet pour la gestion qualite des AOC Fromagères.;2010-2011;04/04/2011;10/06/2011;PF
INED;De Meyer;Maurits;maurits@ined.com;Ancey;Georges;"Refonte du logiciel ""bourse aux livres"" de l'Apel la Sauque";2010-2011;04/04/2011;10/06/2011;SFo
INES;Deburau;Gaspard;gaspard@ines.com;Anquetil-Duperron;Abraham;TÈlÈdistribution des licences. Le projet consiste ‡ remplacer les clÈs cryptÈes sur site client par une autorisation mensuelle dÈlivrÈe par notre site.;2010-2011;04/04/2011;10/06/2011;OGa
INJA;Delaporte;Mathilde;mathilde@inja.com;Babinet;Jacques;Valider les acquis de l'etudiant en JAVA/UML/MERISE/SQL, s'integrer dans un developpement en cours, s'approprier les outils existants;2010-2011;04/04/2011;10/06/2011;RG
INJS;Dedieu;Joseph;joseph@injs.com;Bailly;Antoine;Connaitre la structure organisationnelle du service de fidelite;2010-2011;04/04/2011;10/06/2011;OGu
MSAP;Damad;Marianne;marianne@msap.com;Camus;Gaston;DÈveloppement d'un CMS (WEB);2010-2011;04/04/2011;10/06/2011;MH
MSCM;Denise;Louis;louis@mscm.com;Capelle;Pierre;Le stagiaire assurera la realisation des pages web ainsi que l'integration des contenus des sites.;2010-2011;04/04/2011;10/06/2011;JPJ
MSPS;Pierre Dandelin;Germinal;germinal@msps.com;Capitaine;Ulysse;developpement geolocalisation des actions commerciales menees par des techniciens dans le domaine cooperative agricole;2010-2011;04/04/2011;10/06/2011;CJ
MSTP;Danhauser;Adolphe;adolphe@mstp.com;Caraguel;Joseph;Montrer sa capacitÈ ‡ s'intÈgrer dans une Èquipe de 8 programmeurs expÈrimentÈs. DÈvelopper une mÈthode de travail efficace.;2010-2011;04/04/2011;10/06/2011;NJ
MT2A;D'Annunzio;Gabriele;gabriele@mt2a.com;Carcopino;JerÙme;Creation d'un site web avec contenu video.;2010-2011;04/04/2011;10/06/2011;OL
NABM;Daoust;Julien;julien@nabm.com;de Carlowitz;AloÔse;Creation d'un site internet avec differents niveaux d'utilisateurs et rubriques. Pages dynamiques;2010-2011;04/04/2011;10/06/2011;SMa
NGAP;Victor Daremberg;Charles;charles@ngap.com;Carraud;Gaston;Projet de modernisation des moyens de communication de l'evêche de Perigueux et Sarlat;2010-2011;04/04/2011;10/06/2011;BM
NICE;Darcy;Jean;jean@nice.com;Caron;Pierre;Travail en equipe - Travail sur des technologies innovantes - Programmation orientee objet - Placer la performance au centre du developpement;2010-2011;04/04/2011;10/06/2011;SMi
NIPP;Darimon;Alfred;alfred@nipp.com;Castelli;Horace;Enrichir les librairies de codes ÇmarqueurÈ de AT Internet.;2010-2011;04/04/2011;10/06/2011;AP
NVPO;Darwin;Charles;charles@nvpo.com;Caze;Robert;L'objectif du stage est de developper un logiciel de gestion interne.La finalite est de rendre un livrable (logiciel) ‡ la fin du stage;2010-2011;04/04/2011;10/06/2011;PR
OCAH;Darzens;Rodolphe;rodolphe@ocah.com;de Cazeneuve;Pierre;Aborder les technologies avancees de developpement d'applications web cªte serveur en PHP et en particulier le framework Zend.;2010-2011;04/04/2011;10/06/2011;KR
OCHS;DarÌo;Ruben;ruben@ochs.com;Cendrars;Blaise;DÈveloppement (sql, oracle forms, oracle framework, java, J2EE, Webservices)/ paramÈtrage, tests unitaires. …largissement : administration, packaging.;2010-2011;04/04/2011;10/06/2011;FR
OCTA;Dastre;Albert;albert@octa.com;Cernesson;Joseph;En fin de stage, vous aurez developpe les competences techniques requises dans le cadre d'un projet en contexte d'application en production.;2010-2011;04/04/2011;10/06/2011;ES
ODAC;Jean-Marie Daubenton;Louis;louis@odac.com;de Cervantes Saavedra;Miguel;Immersion operationnelle dans un projet d'integration du centre de service SAP d'Atos Origin Integration, region Aquitaine.;2010-2011;04/04/2011;10/06/2011;CU
ODAS;Dauguet;Marie;marie@odas.com;d'Adelsward-Fersen;Jacques;Immersion operationnelle dans un projet d'integration du service NTIC/J2EE. Il s'agit du projet CDM pour le compte de La Banque Postale.;2010-2011;04/04/2011;10/06/2011;EW
OETH;Daumal;Rene;rene@oeth.com;Ader;Guilhem;J'apprendrai les methodes de travail dans un environnement CMMi niveau 3. En fin de stage,j'aurai developpe les competences dans le cadre d'un projet.;2010-2011;04/04/2011;10/06/2011;MBa
OFDT;Daunou;Pierre-Claude-FranÁois;pierre-claude-franÁois@ofdt.com;d'Aguilers;Raymond;Apprentissage des methodes de travail operationnelles dans un environnement structure et certifie CMMI niveau3.;2010-2011;04/04/2011;10/06/2011;MBi
OMCL;Dauze;Pierre;pierre@omcl.com;d'Alaux;Gustave;Apprentissage des methodes de travail operationnelles dans un environnement structure et certifie CMMi niveau 3.;2010-2011;04/04/2011;10/06/2011;RB
ONCD;David-Neel;Alexandra;alexandra@oncd.com;FranÁois Claude d'Albon;Camille;Sous le tutorat du chef de projet,faire l'apprentissage des methodes de travail operationnelles dans un environnement structure certifie CMMi Niveau 3;2010-2011;04/04/2011;10/06/2011;BC
ONED;Degouy;Amiral;amiral@oned.com;Alcoforado;Mariana;Vous dÈvelopperez les compÈtences techniques requises dans le cadre d'un projet en contexte d'application en production.;2010-2011;04/04/2011;10/06/2011;AC
ONRS;Davin;Albert;albert@onrs.com;Aleramo;Sibilla;En fin de stage, vous aurez developpe les competences techniques requises dans le cadre d'un projet en contexte d'application en production.;2010-2011;04/04/2011;10/06/2011;LC
OPAC;Davin;Emmanuel;emmanuel@opac.com;Alfred Alexandre;Charles;Immersion opÈrationnelle dans un projet d'intÈgration de la Local Factory d'Atos, projet J2EE Retraite CDS ICDC;2010-2011;04/04/2011;10/06/2011;SD
OPAH;Nicolas Davout;Louis;louis@opah.com;d'Aligre;etienne;Apprentissage des mÈthodes de travail dans un environnement certifiÈ CMMi niveau3. DÈveloppement des compÈtences techniques dans le cadre d'un projet.;2010-2011;04/04/2011;10/06/2011;ID
OPCT;Davray;Raoul;raoul@opct.com;Allais;Gustave;Conception, spÈcifications  gÈnÈrales & dÈtaillÈes, dÈveloppement / paramÈtrage, tests intÈgration, recette.;2010-2011;04/04/2011;10/06/2011;PF
OPRI;Davray;Henry-David;henry-david@opri.com;Allaire;etienne;Apprendre les methodes de travail operationnelles dans un environnement certifie CMMi3.Developper les competences techniques requises en production.;2010-2011;04/04/2011;10/06/2011;SFo
OQAI;Davy du Perron;Jacques;jacques@oqai.com;Allem;Maurice;Travail sur le projet GOOMEO.;2010-2011;04/04/2011;10/06/2011;OGa
DDDX;Daxhelet;Arthur;arthur@dddx.com;Alletz;edouard;CrÈation et modification de modules JOOMLA en vue d'une implantation de  passerelles avec diffÈrents logiciels immobliers;2010-2011;04/04/2011;10/06/2011;RG
ORIG;Delaborde;Henri;henri@orig.com;Amelot de la Houssaye;Nicolas;Developpement et amelioration d'un outil d'exploitation clinique d'un modèle 3D personnalise de la colonne vertebrale et de la surface du dos;;04/04/2011;10/06/2011;OGu
ORPI;De la Roche;Mazo;mazo@orpi.com;Amoreau;Maurice;Valider les acquis en developpement par des experiences sur des problematiques clients et internes;2010-2011;04/04/2011;10/06/2011;MH
OSCE;Guichard Deageant;Claude;claude@osce.com;Andler;Charles;Assistance dans le service informatique afin de developper des modules pour des sites web et apprendre de nouveaux langages.;2010-2011;04/04/2011;10/06/2011;JPJ
OTAN;Delahaye;Ernest;ernest@otan.com;Andre;Auguste;Comptage de foule par l'activite bluetooth.;2010-2011;04/04/2011;10/06/2011;CJ
PACA;Debeney;Marie-Eugene;marie-eugene@paca.com;Angellier;Auguste;Mise en place base de donnÈes DOLIBARRE+crÈation de modules selon un cahier des charges dÈfini.;2010-2011;04/04/2011;10/06/2011;NJ
PACT;Delaire;Alexis;alexis@pact.com;d'Anglemont;edouard;Developpement d'un logiciel embarque sous uclinux;2010-2011;04/04/2011;10/06/2011;OL
PAIO;Delamain;Germaine;germaine@paio.com;Anicet-Bourgeois;Auguste;Cadre du projet ANR VIRAGE plateforme de recherche sur les nouvelles interfaces de contr™le pour la creation artistique et les industries culturelles.;2010-2011;04/04/2011;10/06/2011;SMa
PAIR;Delamain;Anne;anne@pair.com;Anot de Maizieres;Cyprien;A definir;2010-2011;04/04/2011;10/06/2011;BM
PAJE;Debussy;Sophie;sophie@paje.com;Antignac;Antoine;Apprentissage du langage PHP et des specifites de la version 5.3;2010-2011;04/04/2011;10/06/2011;SMi
PARE;Decaisne;Luce;luce@pare.com;Anwar;Chairil;Le stagiaire sera confronte aux problematiques du test unitaire, pierre angulaire des methodes de developpement moderne.;2010-2011;04/04/2011;10/06/2011;AP
PARM;Decembre;Annie;annie@parm.com;Appuhn;Charles;Developpement des modules specifiques lies ‡ notre propre outil de gestion des contenus. Integration de ces modules.;2010-2011;04/04/2011;10/06/2011;PR
PASS;Delarue-Mardrus;Lucie;lucie@pass.com;Badin;Adolphe;Passage de la telephonie analogique ö la telephonie sur le reseau IP;2010-2011;04/04/2011;10/06/2011;KR
PCAD;Del‚tre;Louis;louis@pcad.com;Bailly;Anatole;Developpement sous WINDEV;2010-2011;04/04/2011;10/06/2011;FR
PCAP;Defauconpret;Marie;marie@pcap.com;Bailly;Sylvain;Maintenance de logiciels et de dÈveloppement d'Èvolutions majeures pour un client;2010-2011;04/04/2011;10/06/2011;ES
ACBUS;De Ligt;Barthelemy;barthelemy@acbus.com;Barnfield;Richard;"Construction d'une solution Web au sein d'un centre de service, dans le cadre d'un projet ""Offshore"" (developpement en Inde).";2011-2012;02/04/2012;15/06/2012;CU
ADSEA;Delvaille;Camille;camille@adsea.com;Cat;edouard;Developpement et deploiement d'une application J2EE.;2011-2012;02/04/2012;15/06/2012;EW
AFSEA;De Coster;Charles;charles@afsea.com;Bardoux;Jacques;Creation et mise en place d'une application de gestion de suivi de collaborateurs.Creation d'une veritable application Web autonome en GWT;2011-2012;02/04/2012;15/06/2012;MBa
AFSSA;Alphonse Delangle;Claude;claude@afssa.com;Batault;Georges;Creer une application web autonome via GWT;2011-2012;02/04/2012;15/06/2012;MBi
AFSSE;Declaustre;Andre;andre@afsse.com;Batteux;Charles;DÈcouvrir le mÈtier d'ingÈnieur en technologie de l'information, le travail en Èquipe et le cycle de vie des projets informatiques.;2011-2012;02/04/2012;15/06/2012;RB
AFTOC;Decombe;Lucien;lucien@aftoc.com;Baudeau;Nicolas;Participation a un projet dans un environnement J2EE et contribution au developpement des evolutions et des nouvelles fonctionnalites de l'application.;2011-2012;02/04/2012;15/06/2012;BC
AGEPS;Delard;Eugene;eugene@ageps.com;Baudier;Charles;Participation ö la vie d'un projet dans un environnement java JEE et contribution au developpement des evolutions et des nouvelles fonctionnalites;2011-2012;02/04/2012;15/06/2012;AC
AGGIR;Dede;Emmanuel;emmanuel@aggir.com;Baudran;Achille;Participer ‡ la refonte d'une application  Web 2.0  en etroite collaboration avec les equipes de Cartegie direct;2011-2012;02/04/2012;15/06/2012;LC
AGIRC;du Deffand;Marie;marie@agirc.com;Bainville;Jacques;Creation d'un site web marchand;2011-2012;02/04/2012;15/06/2012;SD
AGIRC;Delavigne;Germain;germain@agirc.com;Cadol;edouard;DÈveloppement d'un prÈ-processeur pour l'entrÈe des donnÈes du programme CATSYS;2011-2012;02/04/2012;15/06/2012;ID
AIDCO;Delboulle;Achille;achille@aidco.com;Caillot;Antoine;Realisation d'un site web de consultation des resultats d'experiences realisees dans le Laser Megajoule.;2011-2012;02/04/2012;15/06/2012;PF
AIDEA;Deledda;Grazia;grazia@aidea.com;Cambry;Jacques;DÈveloppement d'une application de pilotage de camÈras;2011-2012;02/04/2012;15/06/2012;SFo
ALOIS;Delpit;Albert;albert@alois.com;Casella;Georges;Objet : creation de rapports de base de donnees. But : creation de rapports elabores ö partir d'une base de donnees d'evènements de l'installation LIL;2012-2013;02/04/2012;15/06/2012;OGa
ASSAD;Davesies de Pontes;Lucien;lucien@assad.com;de Balbe;Prosper;Conduite de projets d'etude et de conception de solutions permettant d'optimiser l'outil de gestion interne et l'administration des systèmes logiciels;2011-2012;02/04/2012;15/06/2012;RG
AT-MP;Pierre Deforis;Jean;jean@at-mp.com;Baldensperger;Fernand;Le but de ce stage est d'amÈliorer un site web prÈsentant une gamme de produits en relation avec la sÈcuritÈ.;2011-2012;02/04/2012;15/06/2012;OGu
BAPSA;Harding Davis;Richard;richard@bapsa.com;Brugiere Barante;Prosper;Le stagiaire aura en charge le developpement d'un outil strategique pour la CRCIA qui permet la generation automatique de diagnostics d'entreprises.;2011-2012;02/04/2012;15/06/2012;MH
INCA;De Coussemaker;Edmond;edmond@inca.com;Barman;Maurice;CrÈation d'un template web qui sera la base de l'intranet de l'entreprise. CrÈation de un ou plusieurs modules de gestion administrative;2011-2012;02/04/2012;15/06/2012;JPJ
INED;Delacroix;Henri;henri@ined.com;Barral;Georges;Conception et mise en place d'outils de developpement et de deploiement de logiciels;2011-2012;02/04/2012;15/06/2012;CJ
INES;Deburau;Gaspard;gaspard@ines.com;Barzellotti;Giacomo;Developpement d'un module DRUPAL d'import de donnees.;2011-2012;02/04/2012;15/06/2012;NJ
INJA;Delaporte;Mathilde;mathilde@inja.com;Baudelaire;Charles;AmÈlioration d'une base de donnÈes.  ExpÈrimentation, rÈalisation de formulaires de saisie et d'Ècrans de consultations sur les technologies Web;2011-2012;02/04/2012;15/06/2012;OL
INJS;Delatour;Albert;albert@injs.com;Bazin;Antoine;Ameliorer le site intranet du laboratoire;2011-2012;02/04/2012;15/06/2012;SMa
INPH;Deffoux;Leon;leon@inph.com;Baissac;Charles;Traitement automatique de fichiers de donnees issues d'experiences biologiques;2011-2012;02/04/2012;15/06/2012;BM
INPH;Deffoux;Leon;leon@inph.com;Cahen;Raymond;Developper un module pour une solution SAAS pour permettre de lie l'API ‡ une solution d'email.;2011-2012;02/04/2012;15/06/2012;SMi
INRA;Defoe;Daniel;daniel@inra.com;Baju;Anatole;Creation et developpement d'une base de donnees.;2011-2012;02/04/2012;15/06/2012;AP
INRA;Delbúuf;Regis;regis@inra.com;Cahier;Charles;Gestion de base de donnees MySQL;2011-2012;02/04/2012;15/06/2012;PR
INRS;Delbousquet;Emmanuel;emmanuel@inrs.com;de Cailly;Jacques;Participation ‡ l'elaboration d'un cahier des charges et developpement de la solution:Suivi d'une demande d'evolution du PLU au sein du CG.;2011-2012;02/04/2012;15/06/2012;KR
INTI;Delbreil;Charles;charles@inti.com;Calbet;Antoine;Securisation. Mise en place de l'authentification par serveur radius sur des equipements reseaux.;2011-2012;02/04/2012;15/06/2012;FR
InVS;Delcourt;Joseph;joseph@invs.com;Calemard de La Fayette;Charles;Realiser une application web de gestion du Portefeuille idees/projets DSI.;2011-2012;02/04/2012;15/06/2012;ES
IOTF;Delecourt;Jules;jules@iotf.com;Calmon;Antoine;Developpement d'un système de gestion des demandes d'intervention informatise avec gestion et analyse des donnees pour pilotage du service;2011-2012;02/04/2012;15/06/2012;CU
IPAQ;Delgres;Louis;louis@ipaq.com;Cantillon;Richard;La conduite de projet.Analyse, conception,developpement,integration.;2011-2012;02/04/2012;15/06/2012;EW
IPES;Delisle;Leopold;leopold@ipes.com;Carco;Francis;Gestion des fonds de perequation;2011-2012;02/04/2012;15/06/2012;MBa
IPr;Deleyre;Alexandre;alexandre@ipr.com;Campenon;Vincent;Adaptation et integration d'une solution open-source de recherche et de consultation dans l'annuaire du personnel de la Region;2011-2012;02/04/2012;15/06/2012;MBi
IPSN;Delmas;Louis;louis@ipsn.com;Carneau;etienne;Mise en oeuvre de la brique technique parapheur Èlectronique;2011-2012;02/04/2012;15/06/2012;RB
IRCT;Delom de Mezerac;Joseph;joseph@irct.com;Caro;Pauline;Adaptation d'applications internes ‡ l'authentification unique ‡ partir d'un systËme CAS.;2011-2012;02/04/2012;15/06/2012;BC
IrDA;Delord;Taxile;taxile@irda.com;Carra de Vaux;Bernard;Developpement et maintenance de nouvelles fonctionnalites sur un système d'information existant, en accord avec les besoins des utilisateurs;2011-2012;02/04/2012;15/06/2012;AC
IRDQ;Delorme;Hugues;hugues@irdq.com;Cartier;Jacques;Automatisation de l'installation et de la gestion de serveurs sous GNU/linux Ubuntu. Developpement et mise en ligne d'un site web php/Python;2011-2012;02/04/2012;15/06/2012;LC
IRMN;Delpit;edouard;edouard@irmn.com;Casimir-Perier;Auguste;Stage destinÈ ‡ documenter le code d'un site en langage python afin  de se l'approprier et d'Ítre capable de programmer sur le site C PRO DIRECT;2011-2012;02/04/2012;15/06/2012;SD
IRSN;Delrieu;emile;emile@irsn.com;Castelain;Maurice;Realisation d'un logiciel de gestion des demandes de documentation avec le framework PHP syfony;2011-2012;02/04/2012;15/06/2012;ID
IRTS;Delthil;Camille;camille@irts.com;de Castelnau;Francis;Ce projet doit ‡ terme automatiser au maximum  le processus de fabrication et de validation du pipeline de production.;2011-2012;02/04/2012;15/06/2012;PF
IRTT;Deltour;Felix;felix@irtt.com;Castle;Egerton;Developpement/Integration de sites internet professionnels sur une base Wordpress;2011-2012;02/04/2012;15/06/2012;SFo
ONCD;David-Neel;Alexandra;alexandra@oncd.com;Bally;Charles;Analyse, conception, developpement et test d'une interface graphique et des actions dans un jeu de plateau sur XBOX 36;2011-2012;02/04/2012;15/06/2012;OGa
ONED;Degouy;Amiral;amiral@oned.com;Banier;Antoine;Poursuivre le developpement de la base ACCESS servant au recueil des besoins en formation;2011-2012;02/04/2012;15/06/2013;RG
ONRS;Davin;Albert;albert@onrs.com;de Banne;Jacques;Developpement d'une application sous Access 2003 pour la gestion des donnees d'administration et d'exploitation du système d'information;2011-2012;02/04/2012;15/06/2012;OGu
OPAC;Davin;Emmanuel;emmanuel@opac.com;Bapst;Germain;Travail en equipe de developpement(6 personnes) sur un projet de realisation d'une comptabilite FREE FULL WEB;2011-2012;02/04/2012;15/06/2012;MH
OPAH;Deharme;Ernest;ernest@opah.com;Barbara;Charles;Conception et dÈveloppement de site internet;2011-2012;02/04/2012;15/06/2012;JPJ
OPCT;Davray;Raoul;raoul@opct.com;Barbier;Auguste;developpement d'un site internet utilisant la frameworks zend, ou d'un site d'annonce en php, xhtml et css.;2011-2012;02/04/2012;15/06/2012;CJ
OPRI;Deherain;Henri;henri@opri.com;Barbeu du Bourg;Jacques;Developpement d'application intranet en Visual Basic ASP;2011-2012;02/04/2012;15/06/2012;NJ
OQAI;Dejacque;Joseph;joseph@oqai.com;Barbon;Nicolas;Utiliser les competences apprises ‡ l'Universite au sein d'un entreprise;2011-2012;02/04/2012;15/06/2012;OL
OQOS;Daxhelet;Arthur;arthur@oqos.com;Barchou de Penhoen;Auguste;Modification de la plateforme multimedia en ligne;2011-2012;02/04/2012;15/06/2012;SMa
ORIG;Delaborde;Henri;henri@orig.com;Barnave;Antoine;Developpement de notre monde virtuel sur Second Life et creation d'une plateforme dediee aux Arts et Spectacles;2011-2012;02/04/2012;15/06/2012;BM
ORPI;Delacour;Alfred;alfred@orpi.com;Clifford Barney;Natalie;Creation et developpement d'un monde virtuel 3D, un monde de loisirs, de divertissement, de spectacles sur le site Internet SecondLife.;2011-2012;02/04/2012;15/06/2012;SMi
OSCE;Delage;Yves;yves@osce.com;Barres;Maurice;RÈalisation d'un outil informatique en langage objet .;2011-2012;02/04/2012;15/06/2012;AP
OTAN;Delahaye;Ernest;ernest@otan.com;Barrot;Adolphe;L'objectif est d'integrer Monsieur LENIER ö notre equipe de developpement informatique. La finalite etant d'etoffer cette equipe ö terme. Les activites confiees seront de participer ö l'entretien de nos plateformes web, ainsi que celles des clients et de participer aux activites de developpement de nos système API et cartographie des reseaux.;2011-2012;02/04/2012;15/06/2012;PR
PACA;Debeney;Marie-Eugene;marie-eugene@paca.com;Joseph de Barruel-Beauvert;Antoine;"Realisation du site Internet de la nouvelle enseigne du groupe ""ASC""Conception/Programmation de Music Art School";2011-2012;02/04/2012;15/06/2012;KR
PACT;Delaire;Alexis;alexis@pact.com;Barth;Auguste;Developpement WEB du portail DOMICALIS.;2011-2012;02/04/2012;15/06/2012;FR
PAIO;Delamain;Germaine;germaine@paio.com;Barthelemy;Auguste;Suivi et developpement d'une application locale;2011-2012;02/04/2012;15/06/2012;ES
PAIR;Delamain;Anne;anne@pair.com;de Barthelemy;edouard;Creation d'une base de donnees pour la gestion des donnees obtenues lors des mesures pour objet de vol;2011-2012;02/04/2012;15/06/2012;CU
PAJE;Debussy;Sophie;sophie@paje.com;Basler;Adolphe;- Evolution d'une application Web developpee en 2009-2010 sur un modèle MVC.- Generation Registre de Contrªle Individuel electronique (maquettage).;2011-2012;02/04/2012;15/06/2012;EW
PARE;Decaisne;Luce;luce@pare.com;Bastide;Charles;Concevoir, realiser, documenter et integrer un module applicatif ‡ un intranet d'entreprise commun ‡ 4 agences.;2011-2012;02/04/2012;15/06/2012;MBa
PARM;Decembre;Annie;annie@parm.com;Polycarpe Batbie;Anselme;- Adaptation d'un modèle de donnees- Modification de composants EJB- Adaptation de l'interface ( Visual C#, + SOAP );2011-2012;02/04/2012;15/06/2012;MBi
PASS;Delarue-Mardrus;Lucie;lucie@pass.com;Baudouin;Charles;Portage EBJ2 en EJB3 d'application de gestion;2011-2012;02/04/2012;15/06/2012;RB
PCAD;Del‚tre;Louis;louis@pcad.com;Beaubourg;Maurice;Mise en oeuvre d'un outil en relation avec une entreprise tierce,comprehension des besoins, modèle de donnees, JAVA + interface IHM ö definir;2011-2012;02/04/2012;15/06/2012;BC
PCAP;Delavigne;Casimir;casimir@pcap.com;Cabet;etienne;Portage EJB3 de l'application gestion des emplois du temps;2011-2012;02/04/2012;15/06/2012;AC
PCEM;Delbos;Victor;victor@pcem.com;Cahuet;Alberic;Travail en equipe sur le developpement de sites internet et d'applications Web. Approfondissement des connaissances en programmation Web;2011-2012;02/04/2012;15/06/2012;LC
PCRD;Delebecque;Edmee;edmee@pcrd.com;Calippe;Charles;DÈveloppement d'une application web multi-couche;2011-2012;02/04/2012;15/06/2012;SD
PCTL;Delebecque;Frederic;frederic@pctl.com;Callot;Jacques;Realisation d'une plateforme de gestion d'emailing;2011-2012;02/04/2012;15/06/2012;ID
PDSA;Delecluze;etienne-Jean;etienne-jean@pdsa.com;Calmettes;Fernand;DÈveloppement de site internet;2011-2012;02/04/2012;15/06/2012;PF
PECO;Delessert;Benjamin;benjamin@peco.com;Campanella;Tommaso;Ce stage est un stage de fin d'etude et va me permettre d'obtenir mon DUT informatique.;2011-2012;02/04/2012;15/06/2012;SFo
PEPA;Delfour;Louis-Clodomir;louis-clodomir@pepa.com;Canivet;Charles;mise ‡ jour et developpement de site de vente en ligne;2011-2012;02/04/2012;15/06/2012;OGa
PERE;Delille;Jacques;jacques@pere.com;Cappeau;Placide;Mise en place d'un systËme informatique, particuliËrement base de donnÈes et site internet;2011-2012;02/04/2012;15/06/2012;RG
PERP;Delle Donne;Robert;robert@perp.com;CarÍme;Maurice;Apprehender des problematiques de 3D embarque.API/game engine/openGL sur Android mobile et PC;2011-2012;02/04/2012;15/06/2012;OGu
PGFP;Delluc;Louis;louis@pgfp.com;Carloix;Vincent;Redeveloppement d'une application de gestion d'outils coupants intitulee TCS (Tool Control System).;2011-2012;02/04/2012;15/06/2012;MH
PHPT;Delorme;Emmanuel;emmanuel@phpt.com;Carrau;Ludovic;S'integrer ö l'equipe de developpeurs, s'adapter aux methodologies de l'entreprise, analyser une problematique et proposer des solutions adaptees.;2011-2012;02/04/2012;15/06/2012;JPJ
PMCT;Deltuf;Paul;paul@pmct.com;de Castro;Eugenio;S'integrer dans une equipe de developpeur, s'adapter aux methodologies de travail, analyser une problematique et proposer des solutions.Travail sur les differents projets de sites internet en cours, integration et developpement de fonctionnalites, apprentissage d'un CMS proprietaire.;2011-2012;02/04/2012;15/06/2012;CJ
ACOSS;Depont;Leonce;leonce@acoss.com;Angers;Philippe;IntÈgrer le service dÈveloppement pour participer ‡ la refonte totale du logiciel de gestion utilisÈ en interne.;2012-2013;08/04/2013;14/06/2013;NJ
ACTIF;Darboux;Gaston;gaston@actif.com;Arago;Emmanuel;Formation et aide au demarrage d'une application gestion point de vente dans des magasins Franchise.;2012-2013;08/04/2013;14/06/2013;OL
ADAPT;Darboy;Georges;georges@adapt.com;Babeuf;Gracchus;A definir;2012-2013;08/04/2013;14/06/2013;SMa
ADELF;Rahlenbeck;Charles;charles@adelf.com;Cahu;Theodore;Mise en place d'un portail web dedie aux organismes de formation.;2012-2013;08/04/2013;14/06/2013;BM
ADELI;Nelson Darby;John;john@adeli.com;Babois;Victoire;- Refonte d'une IHM existante en PHP MYSQL.- gestion de l'emploi du temps du projet.- Decouverte de nouvelles methodes et outils de travail.;2012-2013;08/04/2013;14/06/2013;SMi
ADEME;Rabearivelo;Jean-Joseph;jean-joseph@ademe.com;Le Coigneux de Bachaumont;FranÁois;Faire evoluer l'IHM existante afin de la rendre plus intuitive dans l'expression et la qualification des risques, des causes et des effets.;2012-2013;08/04/2013;14/06/2013;AP
ADEMN;Darien;Georges;;de Barghon Fort-Rion;FranÁois;Creation d'un outil de parametrage pour le projet NexteCare V2;2012-2013;08/04/2013;14/06/2013;PR
AEMMM;de Ramsay;Andre-Michel;andre-michel@aemmm.com;Chabrier;Emmanuel;Developpement d'outils de diagnostic pour les techniciens.Formation des techniciens ‡ la securite des reseaux informatiques.;2012-2013;08/04/2013;14/06/2013;KR
AIVOC;Rambosson;Jean;jean@aivoc.com;Capefigue;Baptiste;Mise en place d'un outil de tests de non regression sur un progiciel de credits (gestion des prets);2012-2013;08/04/2013;14/06/2013;FR
ALRIV;Delvau;Alfred;alfred@alriv.com;Caussy;Fernand;Developpement d'application web en utilisant php, javascript, filezila;2012-2013;08/04/2013;14/06/2013;ES
AMDEC;Demay;Germain;germain@amdec.com;Cestre;Charles;L'objectif est d'implementer la technologie RFID dans les applications de saisie de Geoloc Systems.;2012-2013;08/04/2013;14/06/2013;CU
AMELI;Denis;Odette;odette@ameli.com;Alary;FranÁois;rÈalisation d'un monitoring d'un systËme automatique de traitements sur des images ou des index.;2012-2013;08/04/2013;14/06/2013;EW
AMVBF;Radiguet;Raymond;raymond@amvbf.com;Bastiat;Frederic;Developpement d'un composant utilisable dans le cadre de programme de GED et de numerisation;2012-2013;08/04/2013;14/06/2013;MBa
ANCIC;Raepsaet;Henry;henry@ancic.com;Bataille;Frederic;Etude et developpement d'editions pour un progiciel de gestion financière.;2012-2013;08/04/2013;14/06/2013;MBi
ANEMF;Rambert;Eugene;eugene@anemf.com;Cantemir;Dimitrie;Surveillance fonctionnelle de la BAM;2012-2013;08/04/2013;14/06/2013;RB
ANVAR;Denisot;Nicolas;nicolas@anvar.com;Allart de Therase;Hortense;"Developpement d'un logiciel d' ""evaluation des risques professionnels""";2012-2013;08/04/2013;14/06/2013;BC
APAJH;Dennis;George;george@apajh.com;Ancelot;Virginie;CrÈation d'une application WEB de management d'identitÈ Ldap/Kerberos;2012-2013;08/04/2013;14/06/2013;AC
APASE;Rambosson;Yvanhoe;yvanhoe@apase.com;Carlier;Theodore;Apprentissage du metier de developpeur web conception, integration, developpement, tests et mise en production de modules web;2012-2013;08/04/2013;14/06/2013;LC
APAVE;Depping;Georges-Bernard;georges-bernard@apave.com;Apponyi;Rodolphe;Programmation web;2012-2013;08/04/2013;14/06/2013;SD
AP-HM;Dareste;Rodolphe;rodolphe@ap-hm.com;de Banville;Theodore;Creation d'un applicatif de production sous Excel/Access.;2012-2013;08/04/2013;14/06/2013;ID
AP-HP;de Ram;Pierre;pierre@ap-hp.com;de Candolle;Alphonse;Developpement et maintenance d'un site web (Javascript, PHP,Ajax,Css, HTML );2012-2013;08/04/2013;14/06/2013;PF
APPRI;Dareste;Pierre;pierre@appri.com;Barat;Emmanuel;Immersion DÈveloppement NTIC. ApprÈhender notre organisation et nos environnements de dÈveloppement liÈs ‡ notre socle technique multicanal;2012-2013;08/04/2013;14/06/2013;SFo
APRES;Rallier des Ourmes;Jean-Joseph;jean-joseph@apres.com;Pyrame de Candolle;Augustin;integration dans une equipe existantemise en place projet selon cahier des chargesinitialisation conception codage test expressions des besoins;2012-2013;08/04/2013;14/06/2013;OGa
APSAD;Dargent;Yan;yan@apsad.com;Barere de Vieuzac;Bertrand;Assurer la visibilite du site www.hynedi.com en première page de google;2012-2013;08/04/2013;14/06/2013;RG
ARHIF;Raimond;Julien;julien@arhif.com;Calepino;Ambroise;Developpement et integration d'un module complementaire dans un progiciel de gestion d'officine pharmaceutique;2012-2013;08/04/2013;14/06/2013;OGu
ATTAC;Rague;Paul;paul@attac.com;Cabanes;Augustin;Gestion de projet web - Sensibilisation aux impÈratifs techniques et marketing liÈs au dÈveloppement web;2012-2013;08/04/2013;14/06/2013;MH
IRES;Ferdinand Ramuz;Charles;charles@ires.com;d'Abbes de Cabrerolles;Guillaume;Apprendre ö mener un projet complet et developper une application;2012-2013;08/04/2013;14/06/2013;JPJ
ISBN;Demaison;Andre;andre@isbn.com;Celler;Ludovic;Apprehender les outils de modelisation d'un système d'information  et programmation en PHP/MySQL;2012-2013;08/04/2013;14/06/2013;CJ
ISDN;Demeny;Paul;paul@isdn.com;Chabaneau;Camille;Assistance du studio bordelais lors des projets de production de jeux, de leur demarrage jusqu'‡ leur livraison au client.;2012-2013;08/04/2013;14/06/2013;NJ
ISES;Demogeot;Jacques;jacques@ises.com;Challemel;Wilfrid;Integrer le service developpement au sein d'une equipe de techniciens web pour participer ö l'elaboration de sites internet;2012-2013;08/04/2013;14/06/2013;OL
ISSN;Demolder;Eugene;eugene@issn.com;Stewart Chamberlain;Houston;DÈcouverte et intÈgration dans une Èquipe de dÈveloppement AndroÔd, mais plus gÈnÈralement dans le fonctionnement d'une entreprise de gÈnie logiciel;2012-2013;08/04/2013;14/06/2013;SMa
ITAF;Rambaud;Alfred;alfred@itaf.com;Canonge;Frederic;Developpement de script d'analyses en temps reel des serveurs des groupes Infodis.;2012-2013;08/04/2013;14/06/2013;BM
ITEP;Ivanovitch Denikine;Anton;anton@itep.com;Abgrall;FranÁois;Adaptation des fonctionnalites d'une gestion commerciale Full Web GENERIX;2012-2013;08/04/2013;14/06/2013;SMi
IUFM;Renard;Georges;georges@iufm.com;Abu Qurrah;Theodore;Application de gestion en environnement Web;2012-2013;08/04/2013;14/06/2013;AP
JORF;Denis;Ferdinand;ferdinand@jorf.com;Acremant;Germaine;Developpement d'une solution .NET(C#) permettant l'inscription de demandes de rendez-vous dans le logiciel Outlook;2012-2013;08/04/2013;14/06/2013;PR
LEST;Radiguet;Maurice;maurice@lest.com;Barth;Heinrich;Analyse et reecriture du Module alimentaire sur 5 semaines du logiciel MERCURIALE.;2012-2013;08/04/2013;14/06/2013;KR
LPSP;Rameau;Jean-Philippe;jean-philippe@lpsp.com;Cavaignac;Godefroy;Refonte et mise ö niveau d'un editeur de scripts en delphi dans le cadre d'un logiciel Windows (Cynobuilder).;2012-2013;08/04/2013;14/06/2013;FR
MAEC;Raffalovich;Arthur;arthur@maec.com;Baudry;Frederic;Finalisation d'un generateur de requêtes graphiques;2012-2013;08/04/2013;14/06/2013;ES
MFPF;Raffaelli;Jean-FranÁois;jean-franÁois@mfpf.com;Bax;Frederic;DÈveloppement d'un synoptique de rÈception des quais de vendanges pour des caves coopÈratives vinicoles.;2012-2013;08/04/2013;14/06/2013;CU
MIAM;Barthelot de Rambuteau;Claude-Philibert;claude-philibert@miam.com;Giacomo Casanova;Giovanni;ImplÈmenter des outills de saisie de terrain (smartphones) liÈs aux maladies des plantes et dÈvelopper des outils web de cartographie;2012-2013;08/04/2013;14/06/2013;EW
MOUS;Rague;Kate;kate@mous.com;de Beauchamp;Alphonse;Implication forte du stagiaire dans la realisation d'un projet informatique.;2012-2013;08/04/2013;14/06/2013;MBa
MSAP;Damad;Marianne;marianne@msap.com;Alfieri;Vittorio;Etudes et developpement d'une application.Fournir un etat des lieux, Structures des projets des nouvelles fonctionnalites, Developper.;2012-2013;08/04/2013;14/06/2013;MBi
MSCM;Denise;Louis;louis@mscm.com;Allais;Alphonse;Concevoir une application web compatible iPhone pour la saisie d'informations sur le terrain dans le cadre de l'enrichissement d'un modèle biologique.;2012-2013;08/04/2013;14/06/2013;RB
MSPS;Pierre Dandelin;Germinal;germinal@msps.com;Saccas;Ammonios;DÈveloppement d'une application informatique permettant la saisie de donnÈes hydromorphologiques et floristiques.;2012-2013;08/04/2013;14/06/2013;BC
MSTP;Danhauser;Adolphe;adolphe@mstp.com;Anderson;Sherwood;Apporter une amelioration au site Intranet du laboratoire;2012-2013;08/04/2013;14/06/2013;AC
MT2A;D'Annunzio;Gabriele;gabriele@mt2a.com;Andrieux;FranÁois;Finalisation de la mise en ligne du site internet et la messagerie associee.Developpements en MySql et Php.;2012-2013;08/04/2013;14/06/2013;LC
NABM;Daoust;Julien;julien@nabm.com;Arago;FranÁois;Developper une base de donnees ACCESS et la migrer vers un serveur SQL;2012-2013;08/04/2013;14/06/2013;SD
NCAM;Rageot;Gaston;gaston@ncam.com;Achille Bazaine;FranÁois;savoir concevoir et realiser une application informatique;2012-2013;08/04/2013;14/06/2013;ID
NEAD;Ramond de Carbonnieres;Louis;louis@nead.com;Chaboseau;Augustin;MaÓtriser PrestaShop, Wordpress, Drupal ainsi que l'intÈgration HTML/CSS et le dÈveloppement de module (PHP/ MySQL) sur ces CMS.;2012-2013;08/04/2013;14/06/2013;PF
NGAP;Rabier;Benjamin;benjamin@ngap.com;Balabanova;Angelica;DÈveloppement et intÈgration de sites internet.;2012-2013;08/04/2013;14/06/2013;SFo
NICE;Darcy;Jean;jean@nice.com;Bachelet;Theodore;Placer le stagiaire au coeur du processus de creation d'une application en ligne (reflexion, analyse, developpement, test);2012-2013;08/04/2013;14/06/2013;OGa
NIPP;Racine;Louis;louis@nipp.com;Barriere;Theodore;conception d'un logiciel de saisie et d'analyse des contrªles qualite effectues par nos contrªleurs qualite;2012-2013;08/04/2013;14/06/2013;RG
NPAD;de Raimes;Gaston;gaston@npad.com;de Calonne;Alphonse;Site internet pour la societe XBOAT en php css et html;2012-2013;08/04/2013;14/06/2013;OGu
NRBC;Rameau;Jean;jean@nrbc.com;de Castellane;Boniface;Mise en place d'un parc de machines virtuelles pour tester un logiciel;2012-2013;08/04/2013;14/06/2013;MH
OMIT;Ramsay;William;william@omit.com;Challamel;Augustin;Acquerir l'autonomie necessaire ‡ la realisation d'un site internet conforme aux exigences de l'entreprise;2012-2013;08/04/2013;14/06/2013;JPJ
PHRC;Raffles;Thomas;thomas@phrc.com;Bayrou;FranÁois;RÈalisation d'une application tactile de gestion du parc de matÈriel de l'Èquipe MÈdias en langage HTML5 et CSS3;2012-2013;08/04/2013;14/06/2013;CJ
PMSI;Delzant;Alidor;alidor@pmsi.com;Cavendish;William;IntÈgrer une fonction RNVP dans un logiciel d'analyse d'adresses pour dÈterminer la plus-value apportÈe dans la gestion des adresses;2012-2013;08/04/2013;14/06/2013;NJ
PNIR;Delzons;Louis;louis@pnir.com;Cazotte;Jacques;Developpement d'une application informatique avec Windev;2012-2013;08/04/2013;14/06/2013;OL
PNNS;de Remondange;Charles;charles@pnns.com;Cerfberr;Anatole;Developpement applicatif, integration, mise en production, Elaboration cahier des charges.;2012-2013;08/04/2013;14/06/2013;SMa
PNSE;Demmin;Auguste;auguste@pnse.com;Chalandon;Georges;Conception et developpement d'un outil informatique d'aide au pilotage et ‡ la gestion;2012-2013;08/04/2013;14/06/2013;BM
PNSM;Radau;Karine;karine@pnsm.com;Barrillot;FranÁois;Developpement d'une application web specialisee dans la gestion de publicites (Ad Server).;2012-2013;08/04/2013;14/06/2013;SMi
PNUD;Denis;Ernest;ernest@pnud.com;franÁaise;Academie;Toutes les Ètapes de la crÈation ‡ la maintenance d'un site Internet;2012-2013;08/04/2019;14/06/2013;AP
POSU;Denis;Maurice;maurice@posu.com;Adam;Juliette;Outil de pilotage et reporting operationnel.;2012-2013;08/04/2013;14/06/2013;PR
PPSM;Radcliffe;Ann;ann@ppsm.com;Barruel;Augustin;Formation sur l'outil de virtualisation VMWARE.;2012-2013;08/04/2013;14/06/2013;KR
PRSP;Radiguet;Myriam;myriam@prsp.com;de Bassompierre;FranÁois;L'entreprise demande de reecrire un logiciel de gestion car le langage utilise est devenu obsolète.;2012-2013;08/04/2013;14/06/2013;FR
AASQA;de RanÁonnet;Aimar;aimar@aasqa.com;de Clazomenes;Anaxagore;DÈveloppement d'un plugin RCP Java pour la gestion de donnÈes de traduction;2013-2014;07/04/2014;13/06/2014;ES
ACCRE;Redon;Odilon;odilon@accre.com;Ballanche;Pierre-Simon;Decouvrir les logiciels de gestion de scenarios et de Testing utilises cote RetD et etudier leur mise en place ö la DSI;2013-2014;07/04/2014;13/06/2014;CU
ACEPP;Rank;Otto;otto@acepp.com;Alexis;Guillaume;"Realisation d'un Datamart visant ö assurer le monitoring des interfaces ""Listes des prix"" entre l'application maÓtre et les applications filles.";2013-2014;07/04/2014;13/06/2014;EW
ACORS;Regnier;Adolphe;adolphe@acors.com;Baigneres;Jean-Baptiste;Mise en oeuvre d'un dispositif de traitement de l'information juridique en ligne.;2013-2014;07/04/2014;13/06/2014;RX
AFGSU;Thomas de Reiffenberg;Frederic-Auguste-Ferdinand;frederic-auguste-ferdinand@afgsu.com;Casgrain;Henri-Raymond;Creation d'un site de e-commerce sous Magento, liee ‡ la solution de gestion (erp) Open-ERP.;2013-2014;07/04/2014;13/06/2014;MBi
AFMHA;Regnaud;Paul;paul@afmha.com;Amar Du Rivier;Jean-Augustin;Le stage sera centrÈ sur le projet de refonte des services INTRANET/EXTRANET de l'entreprise.;2013-2014;07/04/2014;13/06/2014;RB
AFNOR;Reigner;Roger;roger@afnor.com;Castagnary;Jules-Antoine;Realisation d'un site web de type annuaire multimedia;2013-2014;07/04/2014;13/06/2014;BC
AFPPE;Reinach;Salomon;salomon@afppe.com;de Bausset;Louis-FranÁois;Installation d'un reseau informatique et creation de sites Web;2013-2014;07/04/2014;13/06/2014;AC
AMDEC;Demay;Germain;germain@amdec.com;Cazals;Frederic-Auguste;Creation de Formulaires (internet) et gestion de bases de donnees;2013-2014;07/04/2014;13/06/2014;LC
AMELI;Denis;Odette;odette@ameli.com;da Ponte;Lorenzo;Acquerir des competences sur les principaux outils du marche en terme de recette applicative et sur la methodologie de recette.;2013-2014;07/04/2014;13/06/2014;SD
AMESU;Renard;Paul;paul@amesu.com;Dabit;Eugene;Participation conception des evolutions et test Integration aux reunions client. Realisation programme et test Participation livraison;2013-2014;07/04/2014;13/06/2014;ID
AMEXA;Renardy;Christine;christine@amexa.com;Daguerre;Louis;Developpement d'application J2EE/BPM;2013-2014;07/04/2014;13/06/2014;PF
AMUHF;Ratisbonne;Theodore;theodore@amuhf.com;de BaÔf;Guillaume;Evolution d'un Systeme d'information sous Lotus Note (Oracle,windows,lotus domino...);2013-2014;07/04/2014;13/06/2014;SFo
AMVBF;Radiguet;Raymond;raymond@amvbf.com;Adam;FranÁois-etienne;Assistant qualite sur le progiciel Grand Angle;2013-2014;07/04/2014;13/06/2014;OGa
ANACT;Ravel;Maurice;maurice@anact.com;Barrett Browning;Elizabeth;Assistance ‡ la recette utilisateur et prise en charge d'anomalie dans le cadre de la maintenance applicative.;2013-2014;07/04/2014;13/06/2014;RG
ANAEM;Ravelet;Armand;armand@anaem.com;Barthez de Marmorieres;Guillaume;Participation ‡ une TMA en JEE;2013-2014;07/04/2014;13/06/2014;OGu
ANAES;Raviart;Georges;georges@anaes.com;Baudement;Theophile;Prendre en charge des missions de dÈveloppement dans un centre de service dÈdiÈ au client et chargÈ de rÈaliser des projets pour une Banque.;2013-2014;07/04/2014;13/06/2014;MH
ANDAC;Raynaud;Ernest;ernest@andac.com;Abeille;Louis-Paul;Participation ‡ la conception des Èvolutions et des tests, rÈalisation des programmes et tests, participation ‡ la livraison des Èvolutions;2013-2014;07/04/2014;13/06/2014;JPJ
ANDAR;Read;Louise;louise@andar.com;Apponyi;Marguerite;Participation a l'Èvolution d'un systËme d'information dans le domaine bancaire;2013-2014;07/04/2014;13/06/2014;CJ
ANDEM;Reboul;Henri;henri@andem.com;de Cyrene;Callimaque;ModÈlisation de processus mÈtier (BPM) et dÈveloppement d'applications de gestion de contenu au coeur de projets dans le domaine bancaire.;2013-2014;07/04/2014;13/06/2014;NJ
ANDRA;von Ranke;Leopold;leopold@andra.com;d'Altouvitis;Marseille;Participation aux Èvolutions d'un systËme d'information;2013-2014;07/04/2014;13/06/2014;OL
ANESM;Rechetnikov;Teodor;teodor@anesm.com;Ch.;Constantin;Le but est de decouvrir le langage Cobol, l'environnement IBM MVS, le système de gestion de base de donnees DB2, integrer une equipe de TMA.;2013-2014;07/04/2014;13/06/2014;SMa
ANLCI;Reclus;elisee;elisee@anlci.com;Barthez;Paul-Joseph;"Realisation d'une integration de developpements specifiques au sein du portail collaboratif du CSG - Modules attendus : ""Gestion des competences"", ""Reporting production"". Integration ‡ une equipe projet";2013-2014;07/04/2014;13/06/2014;BM
ANLLF;Regnault;Felix;felix@anllf.com;Amelin;Joseph-Eugene;Participation ö la qualification d'un SI;2013-2014;07/04/2014;13/06/2014;SMi
ANPAA;Reeve;Clara;clara@anpaa.com;Ronaldo;Cristiano;Le stage a pour but d'apprehender le mode de fonctionnement d'un projet d'envergure;2013-2014;07/04/2014;13/06/2014;AP
ANPDE;Reggio;Albert;albert@anpde.com;Beauce;Jean-Adolphe;Apprehender le metier d'ingenieur decisionnel ds ttes les phases du projet de maintenance et de mise en oeuvre dusyst d'information decisionnel.;2013-2014;07/04/2014;13/06/2014;PR
ANSES;Regis;Pierre-Sylvain;pierre-sylvain@anses.com;Alibert;FranÁois-Paul;participation ö l'evolution d'un système informatique.;2013-2014;07/04/2014;13/06/2014;KR
APSEM;Regnier-Destourbet;Hippolyte-FranÁois;hippolyte-franÁois@apsem.com;Barbier;Louis-Nicolas;Participation ‡ l'evolution d'un SI (secteur bancaire);2013-2014;07/04/2014;13/06/2014;FR
ARACT;Regnault;Amable;amable@aract.com;Angers;FranÁois-Real;Participation ö l'evolution d'un SI.  Environnement technique : IBM, Pacbase, Cobol, DB2;2013-2014;07/04/2014;13/06/2014;ES
ARAPI;Reinach;Theodore;theodore@arapi.com;de Baye;Marie-Beatrice;Mainframe - Centre de services multi-technologiquePacbase, Powerbuilder;2013-2014;07/04/2014;13/06/2014;CU
ASEPT;Reid;Thomas;thomas@asept.com;Bayard;Jean-FranÁois;Participer ‡ l'evolution d'un système d'information;2013-2014;07/04/2014;13/06/2014;EW
AVIAM;Renaudin;Paul;paul@aviam.com;Dales;Jean-Baptiste;Participation ‡ l'evolution d'un SI (secteur bancaire);2013-2014;07/04/2014;13/06/2014;MBa
INCO;Randau;Robert;robert@inco.com;d'Aphrodise;Alexandre;NTI - Participation ‡ un projet de tierce maintenance applicative dans le domaine de l'energie - Java, Servlets, EJB, Eclipse, Oracle;2013-2014;07/04/2014;13/06/2014;MBi
INEP;Rapin;Nicolas;nicolas@inep.com;Babou;Hippolyte;Participation ‡ un projet de tierce maintenance applicative dans le domaine bancaire.;2013-2014;07/04/2014;13/06/2014;RB
ISBN;Demaison;Andre;andre@isbn.com;Ancelot;Jacques-FranÁois;Participation ‡ un projet de tierce maintenance applicative dans le domaine de la distribution de l'eau.;2013-2014;07/04/2014;13/06/2014;BC
ISDN;Abel-Remusat;Jean-Pierre;jean-pierre@isdn.com;Adelon;Nicolas-Philibert;Participation ‡ un projet de TMA (Tierce maintenance applicative) dans le domaine de l'energie.;2013-2014;07/04/2014;13/06/2014;AC
ISES;Demogeot;Jacques;jacques@ises.com;Baudrimont;Alexandre-edouard;Participer ‡ un projet de developpement dans le domaine bancaire;2013-2014;07/04/2014;13/06/2014;LC
ISSN;Demolder;Eugene;eugene@issn.com;de Bawr;Alexandrine-Sophie;Les objectifs de ce stage sont la mise en place d'un environnement de developpement webMethods puis Tibco si le planning le permet.;2013-2014;07/04/2014;13/06/2014;SD
ITEP;Renan;Ernest;ernest@itep.com;Caix de Saint-Amour;Charles-Lavauzelle;Participation ‡ la mise en place d'evolution de l'application Reinette permettant de gerer le referentiel comptable du groupe La Poste.;2013-2014;07/04/2014;13/06/2014;ID
IUFM;Renard;Georges;georges@iufm.com;Cabanis;Pierre-Jean-Georges;Developpement d'un ensemble de composants logiciels ‡ partir de specifications detaillees.Preparation et realisation de cas de tests unitaires.;2013-2014;07/04/2014;13/06/2014;PF
JORF;Renard;Georges;georges@jorf.com;Catteau-Calleville;Jean-Pierre-Guillaume;Participation ö la qualification d'un SI;2013-2014;07/04/2014;13/06/2014;SFo
LABM;de Beaujeu;Renaud;renaud@labm.com;Daire;Eugene;Intervention sur un projet de developpement;2013-2014;07/04/2014;13/06/2014;OGa
LATA;Joseph-Renaud;Jean;jean@lata.com;Dales;Alexis;Intervention sur un projet de developpement;2013-2014;07/04/2014;13/06/2014;RG
LEST;Radiguet;Maurice;maurice@lest.com;Celine;Louis-Ferdinand;Apprehender le metier d'analyste developpeur dans le cadre d'une Tierce Maintenance Applicative pour le compte d'un groupe Bancaire.;2013-2014;07/04/2014;13/06/2014;OGu
LFSS;Ravaisson;Felix;felix@lfss.com;Barbier;Hippolyte;Participation au developpement et ‡ la maintenance d'applications en technologie Microsoft (ACCESS, SQL SERVER, VB, .NET, WSS);2013-2014;07/04/2014;13/06/2014;MH
LHSS;Ravier;Louis;louis@lhss.com;Bautru;Guillaume;Mise en place d'un environnement de developpement webMethods puis Tibico si le planning le permet. Cet environnement devra prendre en compte l'installation de l'environnement dans une machine virtuelle reutilisable, la redaction d'une documentation associee ‡ cette installation, l'outillage pour automatiser les tests d'integration, le packaging, les mises en production$;2013-2014;07/04/2014;13/06/2014;JPJ
LIEN;Ravrio;Andre-Antoine;andre-antoine@lien.com;Castellion;Sebastien;Participation ‡ un projet de developpement dans le domaine bancaire.Integration au sein d'une equipe de travail.;2013-2014;07/04/2014;13/06/2014;CJ
LISP;Raynal;Guillaume-Thomas;guillaume-thomas@lisp.com;Celarie;Henriette;Optimisation d'une boite vocale pour serveur meteorologique;2013-2014;07/04/2014;13/06/2014;NJ
LNCC;Raynal;Hippolyte;hippolyte@lncc.com;Cellini;Benvenuto;Concevoir une application pour la reprographie, service de la Mairie de Bordeaux;2013-2014;07/04/2014;13/06/2014;OL
LOLF;Raynouard;FranÁois-Just-Marie;franÁois-just-marie@lolf.com;Aneau;Barthelemy;Former l'etudiant aux nouvelles technologies de l'internet pour le developpement de RIA (langage ActionScript 3/MXML/CFML);2013-2014;07/04/2014;13/06/2014;SMa
LOOM;de Rayssac;Saint-Cyr;saint-cyr@loom.com;de Damas;Apollodore;Passage d'un outil de comptabilite analytique de Visual Basic en .GWT;2013-2014;07/04/2014;13/06/2014;BM
LPPS;Read;Henri-Charles;henri-charles@lpps.com;de Rhodes;Apollonios;Mise en place d'une plateforme internet permettant ‡ des utilisateurs de mettre en avant certaines offres.;2013-2014;07/04/2014;13/06/2014;SMi
MAAP;Reau;Louis;louis@maap.com;de Ceos;Bacchylide;Appliquer les savoir et savoir-faire acquis ‡ l'IUT et en dÈvelopper de nouveaux.;2013-2014;07/04/2014;13/06/2014;AP
MAIA;Reaume;Eugene;eugene@maia.com;Bacha;Constantin;Travail en equipe sous les ordres de chefs de projets sur des campagnes d'emailling et acquisition de methodes dans le developpement de sites.;2013-2014;07/04/2014;13/06/2014;PR
MAMA;Rebell;Hugues;hugues@mama.com;Balmont;Constantin;Analyse conception et realisation d'une application de gestion administrative;2013-2014;07/04/2014;13/06/2014;KR
MDPH;Rebiere;Alphonse;alphonse@mdph.com;de Bauclair;Paul-Louis;Creation d'un Intranet.;2012-2013;07/04/2014;13/06/2014;FR
MEAH;Rebelliau;Alfred;alfred@meah.com;Guez de Balzac;Jean-Louis;Developpement de widgets pour un des premiers groupe media d'Europe sur la technologie Yahoo go 3.;2013-2014;07/04/2014;13/06/2014;ES
MECS;Reboul;Jean;jean@mecs.com;Caro;Elme-Marie;Stage de fin d'Ètudes de DUT;2013-2014;07/04/2014;13/06/2014;CU
MEDD;Reboux;Paul;paul@medd.com;Cavafy;Constantin;Migration des etiquettes logistiques de l'outil CodeSoft sur l'outil Internet BarTender;2013-2014;07/04/2014;13/06/2014;EW
MESR;Reclus;elie;elie@mesr.com;Ampere;Andre-Marie;Integrer la qualite et les règles de l'art dans les developpements informatiques.;2013-2014;07/04/2014;13/06/2014;MBa
MGEN;Reclus;Onesime;onesime@mgen.com;Calloc'h;Jean-Pierre;Integrer la qualite et les règles de l'art dans les developpements informatiques.;2013-2014;07/04/2014;13/06/2014;MBi
MICA;Recolin;Charles;charles@mica.com;de Carne;Louis-Marie;DÈveloppement web, conception de sites mobiles, intranet;2013-2014;07/04/2014;13/06/2014;RB
MICI;Recouly;Raymond;raymond@mici.com;Amiot;Joseph-Marie;Developpement Web : Mise en place d'un site Web (conception, realisation, tests);2013-2014;07/04/2014;13/06/2014;BC
MICO;de Recy;Rene;rene@mico.com;Ampere;Jean-Jacques;realisation installation serveur wamp utilisation du php java et top net;2013-2014;07/04/2014;13/06/2014;AC
MILC;Bauny de Recy;Rene;rene@milc.com;de BaÔf;Jean-Antoine;Developpement d'un site WEB communautaire ö caractère familial;2013-2014;07/04/2014;13/06/2014;LC
MIRE;Redonnel;Paul;paul@mire.com;Barthelemy;Jean-Jacques;Participation ö la realisation d'un projet J2ee avec Blu Age mettant en oeuvre le MDA.;2013-2014;07/04/2014;13/06/2014;SD
MISP;Refort;Lucien;lucien@misp.com;Basile;Giambattista;Participation ‡ la rÈalisation d'un projet Jee/net avec BluAge mettant en oeuvre le MDA.;2013-2014;07/04/2014;13/06/2014;ID
MISS;Regamey;Felix;felix@miss.com;Baude;Jean-Jacques;Participation ‡ la rÈalisation d'un projet JEE/.NET avec BluAGE.;2013-2014;07/04/2014;13/06/2014;PF
MMSE;Regnard;Jean-FranÁois;jean-franÁois@mmse.com;Alletz;Pons-Augustin;Developpement d'un projet Java/JEE;2013-2014;07/04/2014;13/06/2014;SFo
MPEG;Raoul;Louis-Vincent;louis-vincent@mpeg.com;Apollinaire;Guillaume;Developpement de plugins pour le logiciel magicdraw, participation au developpement d'un projet flex4 ou struts en utilisant les logiciels Blue Age;2013-2014;07/04/2014;13/06/2014;OGa
MSIN;de Regnier;Henri;henri@msin.com;Bourguignon d'Anville;Jean-Baptiste;Participation au developpement d'un projet flex 4 en utilisant les logiciels Blue Age;2013-2014;07/04/2014;13/06/2014;RG
NECy;Regnier;Mathurin;mathurin@necy.com;Brugiere de Barante;Claude-Ignace;RÈalisation d'un portail de tracking d'anomalies et d'incidents de production.;2013-2014;07/04/2014;13/06/2014;OGu
NTIC;Reibrach;Jean;jean@ntic.com;de Bastide;Jean-FranÁois;RÈalisation d'un portail de tracking d'anomalies et d'incidents de production;2013-2014;07/04/2014;13/06/2014;MH
OCDE;Rances;Maurice;maurice@ocde.com;AÔsse;Charlotte;Participation ‡ la maintenance corrective et Èvolutive du projet eCommerce du Groupement des Mousquetaires;2013-2014;07/04/2014;13/06/2014;JPJ
ODAM;Reichel;Frantz;frantz@odam.com;Bastien;Jean-FranÁois;Participation aux travaux de developpement d'un projet de commerce alimentaire pour un client grand compte au sein d'une equipe de 8 personnes;2013-2014;07/04/2014;13/06/2014;CJ
OFCE;Mayne Reid;Thomas;thomas@ofce.com;Cadet de Gassicourt;Charles-Louis;Refonte totale du site internet de la societe (www.normad1.fr);2013-2014;07/04/2014;13/06/2014;NJ
OPCA;Reinach;Joseph;joseph@opca.com;Amiel;Henri-Frederic;"Analyse et developpement d'une application de type webservice permettant d'obtenir le ""scoring"" anti-spam d'un email avant envoi";2013-2014;07/04/2014;13/06/2014;OL
PAPA;Ratisbonne;Louis;louis@papa.com;Bagreef-Speranski;Elisabeth;Developpement de portail (LAMP) avec le CMS SPIP pour l'Office du tourisme de Saintes.;2013-2014;07/04/2014;13/06/2014;SMa
PASA;Reinaud;Joseph;joseph@pasa.com;Camuset;Joseph-Nicolas;Gestion et suivi de projet. Participation ‡ l'analyse, la conception et la realisation d'un outil permettant la gestion et le suivi de projets.;2013-2014;07/04/2014;13/06/2014;BM
PAVM;de Reiset;Gustave;gustave@pavm.com;Carpentier;Nicolas-Joseph;Outil de prÈparation de plans de vols;2013-2014;07/04/2014;13/06/2014;SMi
PDSH;de Reiset;Marie-Antoine;marie-antoine@pdsh.com;Cartier;George-etienne;Adaptation de l'application OpenFlyers aux tablettes tactiles et aux smartphones;2013-2014;07/04/2014;13/06/2014;AP
PINI;de Reiset;Tony-Henri-Auguste;tony-henri-auguste@pini.com;Castel;Louis-Bertrand;Amelioration de l'outil de reception des appels telephoniques base sur Asterisk;2013-2014;07/04/2014;13/06/2014;PR
PNNS;de Remondange;Charles;charles@pnns.com;Baudot;FranÁois-Nicolas;Adaptation de l'application OpenFlyers ö une utilisation pour SmartPhone sous forme d'un site web.;;07/04/2014;13/06/2014;KR
PNSE;de Remusat;Madame;madame@pnse.com;Barbier;Antoine-Alexandre;Mise en page et export PDF;2013-2014;07/04/2014;13/06/2014;FR
PNSM;Radau;Karine;karine@pnsm.com;Cantacuzene;Charles-Adolphe;Elaboration d'un cahier des charges puis recherche d'une solution technique (materielle) et mise en place d'un interfaçage en C++ Qt.;2013-2014;07/04/2014;13/06/2014;ES
PNUD;Denis;Ernest;ernest@pnud.com;Barbier;Edmond-Jean-FranÁois;Contribution ‡ la conception et assistance au developpement de la version 3 de l'outil de reporting CSODFRA. Participation aux activites : contr™le de coherence des donnees. Integration des AVSC. Integration du reporting par processus;2013-2014;07/04/2014;13/06/2014;CU
POSU;Renard;Jules;jules@posu.com;Da Costa;Gaston;Developpement d'un site internet autour de la gestion des news letter multiutilisateurs;2013-2014;07/04/2014;13/06/2014;EW
PPPI;Renaud;Armand;armand@pppi.com;Daireaux;emile;RÈalisation d'un logiciel de supervision pour environnements.;2013-2014;07/04/2014;13/06/2014;MBa
PPSM;Radcliffe;Ann;ann@ppsm.com;Castellan;Antoine-Laurent;Gestion système qualite avec accès web dans une institution de recherche academique;2013-2014;07/04/2014;13/06/2014;MBi
PRES;Rathery;Edme-Jacques-BenoÓt;edme-jacques-benoÓt@pres.com;Bac;Ferdinand;l'objectif est d'effectuer un basculement sur un nouveau systeme d'information en juiin 2008.;2013-2014;07/04/2014;13/06/2014;RB
PRSP;Radiguet;Myriam;myriam@prsp.com;Ackermann;Louise-Victorine;DÈveloppement de diverses interfaces, Èvolution du Progiciel de Gestion IntÈgrÈ de PSI : PILOTE 2000 Version 12.;2013-2014;07/04/2014;13/06/2014;BC
PRST;de Ratte;etienne-Hyacinthe;etienne-hyacinthe@prst.com;Baker;Catherine;eIntegration dans une equipe de developpeurseDevelopement de produits logiciels pour les personnes dependantes ö domicile;2013-2014;07/04/2013;13/06/2014;AC
PSCE;Raveau;Camille;camille@psce.com;Barginet;Alexandre;Conception technique et realisation d'une application d'aide ö la decision pour la planification des activites de blocs operatoires.;2013-2014;07/04/2014;13/06/2014;LC
PSDP;Ray;Jean;jean@psdp.com;Castets;Ferdinand;developpement Php, MySQL, reseau social, sites internet, compte et fiche personnel, referencement de sites, comprehension du fonctionnement Google;2013-2014;07/04/2014;13/06/2014;SD
PSPH;Raymond;Georges-Marie;georges-marie@psph.com;de Medicis;Catherine;Supervision d'Infrastructures;2013-2014;07/04/2014;13/06/2014;ID
PSRS;Raymond;Louise;;de Parthenay;Catherine;Developpement d'applications educatives multiplateformes;2013-2014;07/04/2014;13/06/2014;PF
PSUR;Raymond;Xavier;xavier@psur.com;de Sienne;Catherine;Developpement d'un logiciel libre multimedia ö destination des ecoles primaires;2013-2014;07/04/2014;13/06/2014;SFo
;;;;;;;;;;
;;;;;;;;;;
;;;;;;;;;;
;;;;;;;;;;
;;;;;;;;;;
;;;;;;;;;;
;;;;;;;;;;
;;;;;;;;;;
;;;;;;;;;;
;;;;;;;;;;
;;;;;;;;;;
;;;;;;;;;;
;;;;;;;;;;
;;;;;;;;;;
;;;;;;;;;;
;;;;;;;;;;
;;;;;;;;;;
;;;;;;;;;;
;;;;;;;;;;
;;;;;;;;;;
;;;;;;;;;;
;;;;;;;;;;
;;;;;;;;;;
;;;;;;;;;;
;;;;;;;;;;
;;;;;;;;;;
;;;;;;;;;;
;;;;;;;;;;
;;;;;;;;;;
;;;;;;;;;;
;;;;;;;;;;
;;;;;;;;;;
;;;;;;;;;;
;;;;;;;;;;
;;;;;;;;;;
;;;;;;;;;;
;;;;;;;;;;
;;;;;;;;;;
;;;;;;;;;;
;;;;;;;;;;
;;;;;;;;;;
;;;;;;;;;;
;;;;;;;;;;
;;;;;;;;;;
;;;;;;;;;;
;;;;;;;;;;
;;;;;;;;;;
;;;;;;;;;;
;;;;;;;;;;
;;;;;;;;;;
;;;;;;;;;;
;;;;;;;;;;
;;;;;;;;;;
;;;;;;;;;;
;;;;;;;;;;
;;;;;;;;;;
;;;;;;;;;;
;;;;;;;;;;
;;;;;;;;;;
;;;;;;;;;;
;;;;;;;;;;
;;;;;;;;;;
;;;;;;;;;;
;;;;;;;;;;
;;;;;;;;;;
;;;;;;;;;;
;;;;;;;;;;
;;;;;;;;;;
;;;;;;;;;;
;;;;;;;;;;
;;;;;;;;;;
;;;;;;;;;;
;;;;;;;;;;
;;;;;;;;;;
;;;;;;;;;;
;;;;;;;;;;
;;;;;;;;;;
;;;;;;;;;;
;;;;;;;;;;
;;;;;;;;;;
;;;;;;;;;;
;;;;;;;;;;
;;;;;;;;;;
;;;;;;;;;;
;;;;;;;;;;
